{
    "spike": {
        "twilight sparkle": 1514,
        "starlight glimmer": 194,
        "thorax": 51,
        "zecora": 26,
        "sweetie belle": 18,
        "sunburst": 15,
        "trixie": 9,
        "sugar belle": 3,
        "tempest shadow": 3,
        "yona": 3,
        "young rainbow dash": 2,
        "zephyr breeze": 1,
        "sweetie drops": 1,
        "rarity": 326,
        "applejack": 238,
        "pinkie pie": 198,
        "rainbow dash": 179,
        "discord": 166,
        "fluttershy": 134,
        "garble": 73,
        "big mcintosh": 56,
        "smolder": 56,
        "princess cadance": 47,
        "sludge": 44,
        "princess celestia": 42,
        "apple bloom": 36,
        "princess ember": 34,
        "ember": 32,
        "shining armor": 27,
        "scootaloo": 23,
        "snips": 18,
        "ms. harshwhinny": 15,
        "fancy pants": 14,
        "granny smith": 9,
        "mayor mare": 8,
        "snails": 7,
        "princess luna": 7,
        "cheerilee": 6,
        "rockhoof": 5,
        "mrs. cake": 4,
        "nightmare moon": 4,
        "rover": 4,
        "capper": 4,
        "lord tirek": 4,
        "neighsay": 2,
        "cutie mark crusaders": 2,
        "derpy": 2,
        "cozy glow": 2,
        "ocellus": 2,
        "mr. cake": 2,
        "silverstream": 2,
        "minuette": 2,
        "rumble": 1,
        "daring do": 1,
        "cranky doodle donkey": 1,
        "chancellor neighsay": 1,
        "photo finish": 1,
        "princess skystar": 1,
        "gilda": 1,
        "matilda": 1,
        "moon dancer": 1
    },
    "pinkie pie": {
        "twilight sparkle": 918,
        "rainbow dash": 696,
        "rarity": 483,
        "spike": 198,
        "prince rutherford": 114,
        "starlight glimmer": 101,
        "princess luna": 19,
        "zecora": 18,
        "scootaloo": 18,
        "princess celestia": 14,
        "princess cadance": 10,
        "spitfire": 9,
        "shining armor": 8,
        "princess skystar": 8,
        "snails": 7,
        "sugar belle": 6,
        "sweetie belle": 6,
        "tempest shadow": 5,
        "sludge": 4,
        "pipsqueak": 4,
        "the storm king": 4,
        "star swirl the bearded": 3,
        "rockhoof": 3,
        "trixie": 2,
        "smolder": 1,
        "sunburst": 1,
        "sweetie drops": 1,
        "yona": 1,
        "applejack": 569,
        "fluttershy": 340,
        "maud pie": 192,
        "cranky doodle donkey": 106,
        "gilda": 79,
        "mudbriar": 61,
        "apple bloom": 45,
        "discord": 44,
        "mrs. cake": 35,
        "mr. cake": 29,
        "iron will": 18,
        "granny smith": 17,
        "daring do": 15,
        "mayor mare": 13,
        "minuette": 8,
        "cheerilee": 8,
        "big mcintosh": 7,
        "lord tirek": 6,
        "capper": 6,
        "goldie delicious": 5,
        "matilda": 4,
        "ms. peachbottom": 3,
        "bulk biceps": 3,
        "derpy": 2,
        "ocellus": 2,
        "cutie mark crusaders": 1,
        "diamond tiara": 1,
        "double diamond": 1,
        "flim": 1,
        "braeburn": 1,
        "chancellor neighsay": 1,
        "countess coloratura": 1,
        "photo finish": 1,
        "moon dancer": 1,
        "ms. harshwhinny": 1
    },
    "rainbow dash": {
        "twilight sparkle": 895,
        "rarity": 506,
        "scootaloo": 221,
        "spike": 179,
        "spitfire": 136,
        "starlight glimmer": 72,
        "soarin": 43,
        "zephyr breeze": 32,
        "vapor trail": 24,
        "sweetie belle": 21,
        "trixie": 18,
        "sky stinger": 17,
        "shining armor": 12,
        "windy whistles": 10,
        "smolder": 8,
        "yona": 7,
        "star swirl the bearded": 6,
        "zecora": 5,
        "sugar belle": 5,
        "snails": 5,
        "silverstream": 5,
        "young rainbow dash": 4,
        "tempest shadow": 3,
        "snips": 3,
        "sassy saddles": 3,
        "silver spoon": 2,
        "sweetie drops": 1,
        "sunburst": 1,
        "rockhoof": 1,
        "rumble": 1,
        "pinkie pie": 696,
        "applejack": 666,
        "fluttershy": 530,
        "discord": 95,
        "quibble pants": 72,
        "lightning dust": 60,
        "gilda": 56,
        "daring do": 52,
        "apple bloom": 35,
        "granny smith": 32,
        "princess celestia": 17,
        "bulk biceps": 14,
        "maud pie": 13,
        "ocellus": 13,
        "ms. peachbottom": 12,
        "goldie delicious": 12,
        "princess luna": 12,
        "garble": 12,
        "cutie mark crusaders": 11,
        "ms. harshwhinny": 9,
        "princess cadance": 9,
        "capper": 7,
        "bow hothoof": 7,
        "double diamond": 7,
        "derpy": 6,
        "mayor mare": 6,
        "braeburn": 6,
        "big mcintosh": 6,
        "nightmare moon": 4,
        "cheerilee": 4,
        "lord tirek": 4,
        "flim": 3,
        "filthy rich": 3,
        "diamond tiara": 3,
        "mrs. cake": 3,
        "mr. cake": 3,
        "flam": 2,
        "cozy glow": 1,
        "matilda": 1
    },
    "applejack": {
        "twilight sparkle": 771,
        "rarity": 730,
        "rainbow dash": 666,
        "pinkie pie": 569,
        "fluttershy": 389,
        "spike": 238,
        "granny smith": 139,
        "big mcintosh": 92,
        "starlight glimmer": 58,
        "sweetie belle": 51,
        "scootaloo": 46,
        "discord": 41,
        "flim": 36,
        "braeburn": 36,
        "countess coloratura": 26,
        "flam": 19,
        "princess celestia": 16,
        "goldie delicious": 16,
        "gladmane": 16,
        "princess luna": 14,
        "zecora": 14,
        "maud pie": 13,
        "hoity toity": 13,
        "mayor mare": 13,
        "rockhoof": 12,
        "trixie": 10,
        "photo finish": 10,
        "babs seed": 9,
        "smolder": 9,
        "princess cadance": 8,
        "cutie mark crusaders": 8,
        "shining armor": 8,
        "yona": 7,
        "mrs. cake": 6,
        "snails": 6,
        "silverstream": 5,
        "capper": 5,
        "sugar belle": 5,
        "ms. peachbottom": 4,
        "lord tirek": 4,
        "soarin": 4,
        "cheerilee": 3,
        "double diamond": 3,
        "filthy rich": 3,
        "ocellus": 3,
        "sassy saddles": 3,
        "prince rutherford": 3,
        "princess skystar": 3,
        "sludge": 3,
        "sunburst": 3,
        "lightning dust": 2,
        "spitfire": 2,
        "star swirl the bearded": 2,
        "young applejack": 2,
        "trouble shoes": 2,
        "mr. cake": 2,
        "queen chrysalis": 2,
        "diamond tiara": 2,
        "the storm king": 1,
        "tempest shadow": 1,
        "snips": 1,
        "gilda": 1,
        "cozy glow": 1,
        "bulk biceps": 1,
        "pipsqueak": 1,
        "nightmare moon": 1,
        "apple bloom": 428
    },
    "fluttershy": {
        "twilight sparkle": 677,
        "rainbow dash": 530,
        "rarity": 492,
        "pinkie pie": 340,
        "spike": 134,
        "zephyr breeze": 62,
        "starlight glimmer": 41,
        "princess celestia": 32,
        "sweetie belle": 31,
        "scootaloo": 29,
        "zecora": 27,
        "iron will": 26,
        "princess luna": 21,
        "photo finish": 16,
        "granny smith": 11,
        "gladmane": 11,
        "gilda": 7,
        "maud pie": 6,
        "silverstream": 5,
        "snails": 5,
        "ms. peachbottom": 5,
        "mr. cake": 5,
        "shining armor": 4,
        "lord tirek": 4,
        "mrs. cake": 2,
        "mayor mare": 2,
        "ocellus": 2,
        "prince rutherford": 2,
        "star swirl the bearded": 2,
        "sugar belle": 2,
        "princess cadance": 1,
        "queen chrysalis": 1,
        "sludge": 1,
        "smolder": 1,
        "snips": 1,
        "soarin": 1,
        "spitfire": 1,
        "sunburst": 1,
        "tempest shadow": 1,
        "yona": 1,
        "young rainbow dash": 1,
        "applejack": 389,
        "discord": 180,
        "apple bloom": 23,
        "flim": 19,
        "cutie mark crusaders": 15,
        "bulk biceps": 10,
        "flam": 9,
        "big mcintosh": 4,
        "braeburn": 3,
        "double diamond": 2,
        "daring do": 2,
        "capper": 1,
        "cozy glow": 1
    },
    "rarity": {
        "twilight sparkle": 649,
        "spike": 326,
        "sweetie belle": 288,
        "sassy saddles": 83,
        "starlight glimmer": 72,
        "zecora": 44,
        "rover": 34,
        "scootaloo": 16,
        "shining armor": 11,
        "zephyr breeze": 10,
        "trixie": 8,
        "sweetie drops": 6,
        "star swirl the bearded": 6,
        "rockhoof": 6,
        "sludge": 4,
        "tempest shadow": 3,
        "soarin": 3,
        "smolder": 3,
        "sugar belle": 2,
        "spitfire": 1,
        "sunburst": 1,
        "applejack": 730,
        "rainbow dash": 506,
        "fluttershy": 492,
        "pinkie pie": 483,
        "maud pie": 54,
        "photo finish": 26,
        "fancy pants": 26,
        "princess cadance": 20,
        "discord": 19,
        "princess celestia": 19,
        "apple bloom": 18,
        "derpy": 16,
        "princess luna": 10,
        "big mcintosh": 10,
        "flam": 9,
        "capper": 9,
        "hoity toity": 8,
        "cutie mark crusaders": 7,
        "cozy glow": 6,
        "princess ember": 5,
        "mayor mare": 5,
        "flim": 5,
        "cheerilee": 5,
        "iron will": 4,
        "garble": 3,
        "chancellor neighsay": 3,
        "filthy rich": 3,
        "princess skystar": 2,
        "ms. harshwhinny": 2,
        "granny smith": 2,
        "bulk biceps": 2,
        "double diamond": 1,
        "countess coloratura": 1,
        "prince rutherford": 1,
        "queen chrysalis": 1,
        "ms. peachbottom": 1,
        "gilda": 1,
        "lightning dust": 1,
        "lord tirek": 1,
        "mr. cake": 1
    },
    "apple bloom": {
        "scootaloo": 487,
        "sweetie belle": 467,
        "applejack": 428,
        "big mcintosh": 127,
        "granny smith": 112,
        "twilight sparkle": 102,
        "diamond tiara": 56,
        "cheerilee": 50,
        "pinkie pie": 45,
        "babs seed": 42,
        "spike": 36,
        "rainbow dash": 35,
        "zecora": 27,
        "cutie mark crusaders": 26,
        "fluttershy": 23,
        "trouble shoes": 19,
        "rarity": 18,
        "gabby": 17,
        "silver spoon": 17,
        "princess luna": 15,
        "cozy glow": 14,
        "pipsqueak": 13,
        "terramar": 12,
        "rumble": 12,
        "mayor mare": 8,
        "mrs. cake": 7,
        "flim": 7,
        "goldie delicious": 6,
        "maud pie": 6,
        "starlight glimmer": 4,
        "sugar belle": 4,
        "bow hothoof": 3,
        "countess coloratura": 3,
        "discord": 3,
        "flam": 3,
        "bulk biceps": 2,
        "sweetie drops": 2,
        "ms. harshwhinny": 1,
        "rockhoof": 1,
        "snips": 1,
        "smolder": 1,
        "braeburn": 1,
        "chancellor neighsay": 1,
        "windy whistles": 1
    },
    "scootaloo": {
        "sweetie belle": 440,
        "twilight sparkle": 44,
        "windy whistles": 24,
        "spike": 23,
        "spitfire": 11,
        "terramar": 9,
        "silver spoon": 8,
        "sugar belle": 7,
        "trouble shoes": 5,
        "snips": 5,
        "sweetie drops": 3,
        "snails": 2,
        "starlight glimmer": 1,
        "young rainbow dash": 1,
        "apple bloom": 487,
        "rainbow dash": 221,
        "applejack": 46,
        "gabby": 29,
        "fluttershy": 29,
        "diamond tiara": 26,
        "cutie mark crusaders": 24,
        "lightning dust": 23,
        "bow hothoof": 22,
        "cheerilee": 19,
        "rumble": 19,
        "pinkie pie": 18,
        "rarity": 16,
        "princess luna": 12,
        "babs seed": 10,
        "cozy glow": 10,
        "big mcintosh": 10,
        "granny smith": 7,
        "bulk biceps": 5,
        "pipsqueak": 4,
        "braeburn": 1,
        "ms. harshwhinny": 1
    },
    "starlight glimmer": {
        "twilight sparkle": 432,
        "trixie": 338,
        "sunburst": 178,
        "thorax": 66,
        "stellar flare": 12,
        "young rainbow dash": 7,
        "sugar belle": 5,
        "yona": 5,
        "sweetie belle": 1,
        "zecora": 1,
        "spike": 194,
        "pinkie pie": 101,
        "rainbow dash": 72,
        "rarity": 72,
        "applejack": 58,
        "princess luna": 57,
        "discord": 48,
        "maud pie": 44,
        "fluttershy": 41,
        "princess celestia": 37,
        "firelight": 29,
        "double diamond": 21,
        "pharynx": 13,
        "queen chrysalis": 11,
        "cozy glow": 11,
        "ember": 11,
        "star swirl the bearded": 10,
        "garble": 7,
        "ocellus": 7,
        "princess cadance": 6,
        "apple bloom": 4,
        "granny smith": 4,
        "big mcintosh": 3,
        "silverstream": 3,
        "shining armor": 3,
        "princess ember": 2,
        "rockhoof": 2,
        "mrs. cake": 2,
        "scootaloo": 1,
        "cutie mark crusaders": 1,
        "cranky doodle donkey": 1,
        "nightmare moon": 1,
        "mudbriar": 1,
        "iron will": 1
    },
    "princess celestia": {
        "twilight sparkle": 260,
        "princess luna": 71,
        "spike": 42,
        "starlight glimmer": 37,
        "rarity": 19,
        "rainbow dash": 17,
        "queen chrysalis": 4,
        "sunburst": 4,
        "tempest shadow": 3,
        "star swirl the bearded": 2,
        "shining armor": 2,
        "sweetie drops": 1,
        "thorax": 1,
        "fluttershy": 32,
        "discord": 22,
        "applejack": 16,
        "pinkie pie": 14,
        "princess cadance": 12,
        "lord tirek": 3,
        "mrs. cake": 3,
        "mr. cake": 3,
        "nightmare moon": 2,
        "prince rutherford": 2,
        "ember": 1,
        "cozy glow": 1,
        "neighsay": 1
    },
    "maud pie": {
        "pinkie pie": 192,
        "rarity": 54,
        "starlight glimmer": 44,
        "twilight sparkle": 16,
        "sunburst": 16,
        "rainbow dash": 13,
        "mudbriar": 7,
        "trixie": 3,
        "applejack": 13,
        "fluttershy": 6,
        "apple bloom": 6,
        "discord": 3,
        "granny smith": 2,
        "big mcintosh": 1
    },
    "discord": {
        "fluttershy": 180,
        "spike": 166,
        "twilight sparkle": 149,
        "rainbow dash": 95,
        "starlight glimmer": 48,
        "pinkie pie": 44,
        "trixie": 39,
        "lord tirek": 27,
        "princess celestia": 22,
        "rarity": 19,
        "princess cadance": 14,
        "thorax": 11,
        "sweetie belle": 3,
        "maud pie": 3,
        "sugar belle": 1,
        "princess luna": 1,
        "shining armor": 1,
        "sunburst": 1,
        "yona": 1,
        "zecora": 1,
        "applejack": 41,
        "big mcintosh": 13,
        "apple bloom": 3,
        "cutie mark crusaders": 2
    },
    "princess cadance": {
        "twilight sparkle": 143,
        "shining armor": 63,
        "spike": 47,
        "rarity": 20,
        "princess celestia": 12,
        "queen chrysalis": 12,
        "rainbow dash": 9,
        "princess luna": 9,
        "starlight glimmer": 6,
        "sunburst": 3,
        "thorax": 2,
        "trixie": 2,
        "sweetie drops": 1,
        "discord": 14,
        "pinkie pie": 10,
        "applejack": 8,
        "ms. harshwhinny": 4,
        "iron will": 4,
        "fancy pants": 1,
        "fluttershy": 1
    },
    "flam": {
        "flim": 141,
        "twilight sparkle": 15,
        "gladmane": 15,
        "fluttershy": 9,
        "rarity": 9,
        "granny smith": 8,
        "star swirl the bearded": 5,
        "rainbow dash": 2,
        "mayor mare": 1,
        "applejack": 19,
        "apple bloom": 3
    },
    "shining armor": {
        "twilight sparkle": 120,
        "spike": 27,
        "starlight glimmer": 3,
        "sunburst": 2,
        "thorax": 1,
        "princess cadance": 63,
        "rainbow dash": 12,
        "rarity": 11,
        "applejack": 8,
        "pinkie pie": 8,
        "ms. peachbottom": 8,
        "fluttershy": 4,
        "queen chrysalis": 4,
        "lord tirek": 3,
        "ms. harshwhinny": 3,
        "iron will": 2,
        "princess celestia": 2,
        "discord": 1,
        "princess luna": 1
    },
    "cranky doodle donkey": {
        "pinkie pie": 106,
        "matilda": 19,
        "mayor mare": 2,
        "starlight glimmer": 1,
        "trixie": 1,
        "spike": 1
    },
    "princess luna": {
        "twilight sparkle": 88,
        "starlight glimmer": 57,
        "sweetie belle": 14,
        "scootaloo": 12,
        "rainbow dash": 12,
        "rarity": 10,
        "spike": 7,
        "tempest shadow": 2,
        "shining armor": 1,
        "star swirl the bearded": 1,
        "sunburst": 1,
        "princess celestia": 71,
        "fluttershy": 21,
        "pinkie pie": 19,
        "apple bloom": 15,
        "applejack": 14,
        "princess cadance": 9,
        "pipsqueak": 8,
        "nightmare moon": 2,
        "lord tirek": 2,
        "discord": 1,
        "big mcintosh": 1,
        "cozy glow": 1
    },
    "gilda": {
        "pinkie pie": 79,
        "rainbow dash": 56,
        "granny smith": 1,
        "rarity": 1,
        "spike": 1,
        "fluttershy": 7,
        "applejack": 1
    },
    "garble": {
        "spike": 73,
        "rainbow dash": 12,
        "twilight sparkle": 10,
        "princess ember": 7,
        "starlight glimmer": 7,
        "rarity": 3
    },
    "quibble pants": {
        "rainbow dash": 72,
        "daring do": 18
    },
    "trixie": {
        "twilight sparkle": 69,
        "starlight glimmer": 338,
        "discord": 39,
        "thorax": 36,
        "rainbow dash": 18,
        "pharynx": 12,
        "snips": 12,
        "sunburst": 12,
        "snails": 11,
        "applejack": 10,
        "spike": 9,
        "granny smith": 9,
        "rarity": 8,
        "bulk biceps": 6,
        "maud pie": 3,
        "queen chrysalis": 2,
        "pinkie pie": 2,
        "princess cadance": 2,
        "cranky doodle donkey": 1
    },
    "sweetie belle": {
        "twilight sparkle": 65,
        "terramar": 11,
        "trouble shoes": 5,
        "yona": 1,
        "apple bloom": 467,
        "scootaloo": 440,
        "rarity": 288,
        "applejack": 51,
        "diamond tiara": 42,
        "big mcintosh": 37,
        "fluttershy": 31,
        "cheerilee": 28,
        "cutie mark crusaders": 24,
        "rainbow dash": 21,
        "spike": 18,
        "rumble": 17,
        "pipsqueak": 15,
        "cozy glow": 15,
        "princess luna": 14,
        "gabby": 11,
        "granny smith": 11,
        "babs seed": 8,
        "pinkie pie": 6,
        "bulk biceps": 5,
        "silver spoon": 5,
        "mrs. cake": 5,
        "snails": 3,
        "discord": 3,
        "snips": 2,
        "starlight glimmer": 1,
        "sugar belle": 1,
        "bow hothoof": 1,
        "braeburn": 1
    },
    "mudbriar": {
        "pinkie pie": 61,
        "starlight glimmer": 1,
        "maud pie": 7
    },
    "lightning dust": {
        "rainbow dash": 60,
        "scootaloo": 23,
        "spitfire": 18,
        "twilight sparkle": 2,
        "rarity": 1,
        "applejack": 2,
        "bulk biceps": 2
    },
    "twilight sparkle": {
        "zecora": 57,
        "young rainbow dash": 17,
        "vapor trail": 12,
        "yona": 9,
        "zephyr breeze": 4,
        "spike": 1514,
        "pinkie pie": 918,
        "rainbow dash": 895,
        "applejack": 771,
        "fluttershy": 677,
        "rarity": 649,
        "starlight glimmer": 432,
        "princess celestia": 260,
        "discord": 149,
        "princess cadance": 143,
        "shining armor": 120,
        "apple bloom": 102,
        "princess luna": 88,
        "trixie": 69,
        "sweetie belle": 65,
        "moon dancer": 54,
        "scootaloo": 44,
        "sunburst": 40,
        "star swirl the bearded": 37,
        "rockhoof": 36,
        "neighsay": 33,
        "nightmare moon": 27,
        "iron will": 25,
        "lord tirek": 23,
        "ms. peachbottom": 22,
        "tempest shadow": 22,
        "minuette": 19,
        "mayor mare": 18,
        "cozy glow": 17,
        "cutie mark crusaders": 17,
        "maud pie": 16,
        "flim": 16,
        "smolder": 15,
        "flam": 15,
        "queen chrysalis": 13,
        "cheerilee": 13,
        "silverstream": 13,
        "prince rutherford": 13,
        "pipsqueak": 12,
        "sky stinger": 12,
        "big mcintosh": 11,
        "sludge": 11,
        "ember": 11,
        "garble": 10,
        "chancellor neighsay": 10,
        "mrs. cake": 9,
        "diamond tiara": 9,
        "princess skystar": 9,
        "thorax": 9,
        "terramar": 8,
        "fancy pants": 8,
        "capper": 8,
        "ocellus": 7,
        "spitfire": 7,
        "sugar belle": 7,
        "double diamond": 6,
        "the storm king": 6,
        "sassy saddles": 5,
        "ms. harshwhinny": 5,
        "snails": 4,
        "snips": 4,
        "silver spoon": 4,
        "photo finish": 3,
        "bulk biceps": 3,
        "soarin": 3,
        "princess ember": 2,
        "mr. cake": 2,
        "granny smith": 2,
        "hoity toity": 2,
        "lightning dust": 2,
        "rover": 1,
        "daring do": 1,
        "matilda": 1
    },
    "big mcintosh": {
        "spike": 56,
        "sweetie belle": 37,
        "sugar belle": 37,
        "cheerilee": 29,
        "granny smith": 21,
        "discord": 13,
        "twilight sparkle": 11,
        "rarity": 10,
        "scootaloo": 10,
        "pinkie pie": 7,
        "rainbow dash": 6,
        "fluttershy": 4,
        "zecora": 4,
        "flim": 3,
        "mayor mare": 3,
        "starlight glimmer": 3,
        "mrs. cake": 2,
        "goldie delicious": 2,
        "filthy rich": 1,
        "maud pie": 1,
        "princess luna": 1,
        "apple bloom": 127,
        "applejack": 92,
        "babs seed": 1
    },
    "smolder": {
        "spike": 56,
        "yona": 23,
        "twilight sparkle": 15,
        "ocellus": 50,
        "silverstream": 25,
        "applejack": 9,
        "rainbow dash": 8,
        "sludge": 7,
        "rockhoof": 6,
        "cozy glow": 5,
        "ember": 3,
        "rarity": 3,
        "prince rutherford": 2,
        "apple bloom": 1,
        "pinkie pie": 1,
        "fluttershy": 1
    },
    "moon dancer": {
        "twilight sparkle": 54,
        "pinkie pie": 1,
        "spike": 1,
        "minuette": 9
    },
    "daring do": {
        "rainbow dash": 52,
        "quibble pants": 18,
        "pinkie pie": 15,
        "fluttershy": 2,
        "spike": 1,
        "twilight sparkle": 1
    },
    "diamond tiara": {
        "silver spoon": 51,
        "sweetie belle": 42,
        "scootaloo": 26,
        "twilight sparkle": 9,
        "pipsqueak": 5,
        "granny smith": 4,
        "rainbow dash": 3,
        "filthy rich": 1,
        "pinkie pie": 1,
        "snips": 1,
        "apple bloom": 56,
        "cheerilee": 10,
        "cutie mark crusaders": 7,
        "babs seed": 6,
        "applejack": 2
    },
    "ocellus": {
        "smolder": 50,
        "yona": 14,
        "rainbow dash": 13,
        "silverstream": 13,
        "twilight sparkle": 7,
        "starlight glimmer": 7,
        "rockhoof": 2,
        "spike": 2,
        "pinkie pie": 2,
        "prince rutherford": 1,
        "cozy glow": 5,
        "applejack": 3,
        "fluttershy": 2,
        "chancellor neighsay": 1
    },
    "sludge": {
        "spike": 44,
        "twilight sparkle": 11,
        "smolder": 7,
        "pinkie pie": 4,
        "rarity": 4,
        "applejack": 3,
        "fluttershy": 1
    },
    "granny smith": {
        "young applejack": 44,
        "rainbow dash": 32,
        "pinkie pie": 17,
        "sweetie belle": 11,
        "spike": 9,
        "trixie": 9,
        "scootaloo": 7,
        "young big mcintosh": 6,
        "starlight glimmer": 4,
        "maud pie": 2,
        "rarity": 2,
        "silver spoon": 2,
        "twilight sparkle": 2,
        "pipsqueak": 1,
        "mayor mare": 1,
        "applejack": 139,
        "apple bloom": 112,
        "big mcintosh": 21,
        "filthy rich": 13,
        "fluttershy": 11,
        "flim": 10,
        "flam": 8,
        "goldie delicious": 7,
        "cheerilee": 5,
        "diamond tiara": 4,
        "bulk biceps": 2,
        "babs seed": 1,
        "gilda": 1
    },
    "sunburst": {
        "twilight sparkle": 40,
        "trixie": 12,
        "starlight glimmer": 178,
        "stellar flare": 26,
        "maud pie": 16,
        "spike": 15,
        "firelight": 6,
        "princess celestia": 4,
        "star swirl the bearded": 4,
        "princess cadance": 3,
        "applejack": 3,
        "shining armor": 2,
        "rockhoof": 1,
        "rarity": 1,
        "discord": 1,
        "rainbow dash": 1,
        "pinkie pie": 1,
        "princess luna": 1,
        "fluttershy": 1
    },
    "star swirl the bearded": {
        "twilight sparkle": 37,
        "starlight glimmer": 10,
        "sunburst": 4,
        "rainbow dash": 6,
        "rarity": 6,
        "flim": 5,
        "flam": 5,
        "pinkie pie": 3,
        "rockhoof": 3,
        "applejack": 2,
        "chancellor neighsay": 2,
        "fluttershy": 2,
        "princess celestia": 2,
        "princess luna": 1
    },
    "thorax": {
        "trixie": 36,
        "twilight sparkle": 9,
        "starlight glimmer": 66,
        "spike": 51,
        "ember": 35,
        "pharynx": 27,
        "discord": 11,
        "queen chrysalis": 5,
        "silverstream": 3,
        "princess cadance": 2,
        "prince rutherford": 2,
        "shining armor": 1,
        "princess celestia": 1
    },
    "snails": {
        "snips": 36,
        "trixie": 11,
        "spike": 7,
        "twilight sparkle": 4,
        "sweetie belle": 3,
        "pinkie pie": 7,
        "applejack": 6,
        "rainbow dash": 5,
        "fluttershy": 5,
        "scootaloo": 2,
        "cheerilee": 1
    },
    "rockhoof": {
        "twilight sparkle": 36,
        "yona": 16,
        "smolder": 6,
        "spike": 5,
        "star swirl the bearded": 3,
        "silverstream": 3,
        "starlight glimmer": 2,
        "sunburst": 1,
        "applejack": 12,
        "rarity": 6,
        "pinkie pie": 3,
        "ocellus": 2,
        "apple bloom": 1,
        "rainbow dash": 1
    },
    "mrs. cake": {
        "pinkie pie": 35,
        "twilight sparkle": 9,
        "sugar belle": 6,
        "sweetie belle": 5,
        "spike": 4,
        "princess celestia": 3,
        "rainbow dash": 3,
        "starlight glimmer": 2,
        "prince rutherford": 1,
        "mr. cake": 12,
        "apple bloom": 7,
        "applejack": 6,
        "cozy glow": 2,
        "big mcintosh": 2,
        "fluttershy": 2,
        "mayor mare": 1
    },
    "ember": {
        "thorax": 35,
        "spike": 32,
        "starlight glimmer": 11,
        "twilight sparkle": 11,
        "smolder": 3,
        "neighsay": 3,
        "prince rutherford": 1,
        "princess celestia": 1
    },
    "princess ember": {
        "spike": 34,
        "rarity": 5,
        "starlight glimmer": 2,
        "twilight sparkle": 2,
        "garble": 7
    },
    "young applejack": {
        "young big mcintosh": 34,
        "granny smith": 44,
        "filthy rich": 30,
        "applejack": 2
    },
    "neighsay": {
        "twilight sparkle": 33,
        "prince rutherford": 2,
        "spike": 2,
        "yona": 2,
        "silverstream": 1,
        "princess celestia": 1,
        "ember": 3
    },
    "filthy rich": {
        "young applejack": 30,
        "granny smith": 13,
        "young big mcintosh": 9,
        "rarity": 3,
        "rainbow dash": 3,
        "sweetie drops": 1,
        "applejack": 3,
        "diamond tiara": 1,
        "big mcintosh": 1,
        "cheerilee": 1
    },
    "mr. cake": {
        "pinkie pie": 29,
        "mrs. cake": 12,
        "princess celestia": 3,
        "rainbow dash": 3,
        "twilight sparkle": 2,
        "spike": 2,
        "rarity": 1,
        "fluttershy": 5,
        "applejack": 2
    },
    "firelight": {
        "starlight glimmer": 29,
        "stellar flare": 16,
        "sunburst": 6
    },
    "gabby": {
        "scootaloo": 29,
        "sweetie belle": 11,
        "apple bloom": 17,
        "cutie mark crusaders": 6
    },
    "cheerilee": {
        "sweetie belle": 28,
        "scootaloo": 19,
        "twilight sparkle": 13,
        "diamond tiara": 10,
        "pinkie pie": 8,
        "spike": 6,
        "snips": 6,
        "granny smith": 5,
        "rarity": 5,
        "rainbow dash": 4,
        "cutie mark crusaders": 2,
        "filthy rich": 1,
        "ms. harshwhinny": 1,
        "silver spoon": 1,
        "snails": 1,
        "apple bloom": 50,
        "big mcintosh": 29,
        "applejack": 3
    },
    "tempest shadow": {
        "the storm king": 27,
        "twilight sparkle": 22,
        "capper": 7,
        "pinkie pie": 5,
        "rainbow dash": 3,
        "rarity": 3,
        "princess celestia": 3,
        "spike": 3,
        "princess luna": 2,
        "applejack": 1,
        "fluttershy": 1
    },
    "pharynx": {
        "thorax": 27,
        "starlight glimmer": 13,
        "trixie": 12
    },
    "nightmare moon": {
        "twilight sparkle": 27,
        "rainbow dash": 4,
        "spike": 4,
        "princess celestia": 2,
        "princess luna": 2,
        "pipsqueak": 1,
        "starlight glimmer": 1,
        "applejack": 1
    },
    "stellar flare": {
        "sunburst": 26,
        "firelight": 16,
        "starlight glimmer": 12
    },
    "photo finish": {
        "rarity": 26,
        "twilight sparkle": 3,
        "pinkie pie": 1,
        "spike": 1,
        "sweetie drops": 1,
        "fluttershy": 16,
        "applejack": 10,
        "hoity toity": 7
    },
    "fancy pants": {
        "rarity": 26,
        "spike": 14,
        "twilight sparkle": 8,
        "princess cadance": 1
    },
    "silverstream": {
        "smolder": 25,
        "twilight sparkle": 13,
        "yona": 12,
        "starlight glimmer": 3,
        "thorax": 3,
        "spike": 2,
        "ocellus": 13,
        "cozy glow": 7,
        "fluttershy": 5,
        "applejack": 5,
        "rainbow dash": 5,
        "rockhoof": 3,
        "chancellor neighsay": 2,
        "neighsay": 1
    },
    "iron will": {
        "twilight sparkle": 25,
        "pinkie pie": 18,
        "yona": 5,
        "princess cadance": 4,
        "rarity": 4,
        "shining armor": 2,
        "starlight glimmer": 1,
        "fluttershy": 26
    },
    "chancellor neighsay": {
        "cozy glow": 24,
        "twilight sparkle": 10,
        "rarity": 3,
        "star swirl the bearded": 2,
        "silverstream": 2,
        "flim": 1,
        "ocellus": 1,
        "pinkie pie": 1,
        "spike": 1,
        "yona": 1,
        "apple bloom": 1
    },
    "cutie mark crusaders": {
        "sweetie belle": 24,
        "scootaloo": 24,
        "twilight sparkle": 17,
        "fluttershy": 15,
        "rainbow dash": 11,
        "diamond tiara": 7,
        "rarity": 7,
        "gabby": 6,
        "rumble": 4,
        "spike": 2,
        "terramar": 2,
        "trouble shoes": 2,
        "discord": 2,
        "pinkie pie": 1,
        "pipsqueak": 1,
        "starlight glimmer": 1,
        "sugar belle": 1,
        "apple bloom": 26,
        "applejack": 8,
        "cozy glow": 2,
        "cheerilee": 2,
        "babs seed": 1
    },
    "lord tirek": {
        "twilight sparkle": 23,
        "pinkie pie": 6,
        "spike": 4,
        "rainbow dash": 4,
        "shining armor": 3,
        "princess celestia": 3,
        "princess luna": 2,
        "rarity": 1,
        "discord": 27,
        "applejack": 4,
        "fluttershy": 4,
        "cozy glow": 2
    },
    "ms. peachbottom": {
        "twilight sparkle": 22,
        "rainbow dash": 12,
        "shining armor": 8,
        "pinkie pie": 3,
        "rarity": 1,
        "ms. harshwhinny": 6,
        "fluttershy": 5,
        "applejack": 4
    },
    "bow hothoof": {
        "scootaloo": 22,
        "windy whistles": 18,
        "rainbow dash": 7,
        "spitfire": 2,
        "sweetie belle": 1,
        "apple bloom": 3
    },
    "sky stinger": {
        "vapor trail": 22,
        "twilight sparkle": 12,
        "spitfire": 2,
        "rainbow dash": 17
    },
    "double diamond": {
        "starlight glimmer": 21,
        "rainbow dash": 7,
        "twilight sparkle": 6,
        "sugar belle": 4,
        "fluttershy": 2,
        "pinkie pie": 1,
        "rarity": 1,
        "applejack": 3
    },
    "minuette": {
        "twilight sparkle": 19,
        "moon dancer": 9,
        "pinkie pie": 8,
        "spike": 2
    },
    "flim": {
        "fluttershy": 19,
        "twilight sparkle": 16,
        "gladmane": 11,
        "granny smith": 10,
        "star swirl the bearded": 5,
        "rarity": 5,
        "rainbow dash": 3,
        "mayor mare": 1,
        "pinkie pie": 1,
        "prince rutherford": 1,
        "flam": 141,
        "applejack": 36,
        "apple bloom": 7,
        "big mcintosh": 3,
        "chancellor neighsay": 1
    },
    "rumble": {
        "scootaloo": 19,
        "sweetie belle": 17,
        "spike": 1,
        "apple bloom": 12,
        "cutie mark crusaders": 4,
        "rainbow dash": 1
    },
    "mayor mare": {
        "twilight sparkle": 18,
        "pinkie pie": 13,
        "spike": 8,
        "rainbow dash": 6,
        "rarity": 5,
        "mrs. cake": 1,
        "sweetie drops": 1,
        "zecora": 1,
        "applejack": 13,
        "apple bloom": 8,
        "derpy": 4,
        "big mcintosh": 3,
        "cranky doodle donkey": 2,
        "fluttershy": 2,
        "matilda": 2,
        "flam": 1,
        "flim": 1,
        "granny smith": 1
    },
    "snips": {
        "spike": 18,
        "trixie": 12,
        "twilight sparkle": 4,
        "sweetie belle": 2,
        "snails": 36,
        "cheerilee": 6,
        "scootaloo": 5,
        "rainbow dash": 3,
        "silver spoon": 1,
        "apple bloom": 1,
        "diamond tiara": 1,
        "applejack": 1,
        "fluttershy": 1
    },
    "cozy glow": {
        "twilight sparkle": 17,
        "sweetie belle": 15,
        "starlight glimmer": 11,
        "scootaloo": 10,
        "yona": 8,
        "silverstream": 7,
        "rarity": 6,
        "smolder": 5,
        "ocellus": 5,
        "mrs. cake": 2,
        "lord tirek": 2,
        "cutie mark crusaders": 2,
        "spike": 2,
        "sweetie drops": 1,
        "fluttershy": 1,
        "princess celestia": 1,
        "princess luna": 1,
        "rainbow dash": 1,
        "chancellor neighsay": 24,
        "apple bloom": 14,
        "applejack": 1
    },
    "derpy": {
        "rarity": 16,
        "rainbow dash": 6,
        "mayor mare": 4,
        "matilda": 3,
        "pinkie pie": 2,
        "spike": 2
    },
    "pipsqueak": {
        "sweetie belle": 15,
        "twilight sparkle": 12,
        "princess luna": 8,
        "scootaloo": 4,
        "zecora": 3,
        "silver spoon": 1,
        "apple bloom": 13,
        "diamond tiara": 5,
        "pinkie pie": 4,
        "cutie mark crusaders": 1,
        "nightmare moon": 1,
        "granny smith": 1,
        "applejack": 1
    },
    "ms. harshwhinny": {
        "spike": 15,
        "rainbow dash": 9,
        "ms. peachbottom": 6,
        "twilight sparkle": 5,
        "princess cadance": 4,
        "shining armor": 3,
        "rarity": 2,
        "scootaloo": 1,
        "pinkie pie": 1,
        "apple bloom": 1,
        "bulk biceps": 1,
        "cheerilee": 1
    },
    "bulk biceps": {
        "rainbow dash": 14,
        "fluttershy": 10,
        "trixie": 6,
        "sweetie belle": 5,
        "scootaloo": 5,
        "twilight sparkle": 3,
        "pinkie pie": 3,
        "lightning dust": 2,
        "granny smith": 2,
        "rarity": 2,
        "ms. harshwhinny": 1,
        "soarin": 1,
        "apple bloom": 2,
        "applejack": 1
    },
    "queen chrysalis": {
        "twilight sparkle": 13,
        "starlight glimmer": 11,
        "thorax": 5,
        "shining armor": 4,
        "trixie": 2,
        "zecora": 2,
        "rarity": 1,
        "princess cadance": 12,
        "princess celestia": 4,
        "applejack": 2,
        "fluttershy": 1
    },
    "prince rutherford": {
        "twilight sparkle": 13,
        "thorax": 2,
        "smolder": 2,
        "princess celestia": 2,
        "yona": 1,
        "rarity": 1,
        "pinkie pie": 114,
        "applejack": 3,
        "neighsay": 2,
        "fluttershy": 2,
        "ember": 1,
        "flim": 1,
        "ocellus": 1,
        "mrs. cake": 1
    },
    "soarin": {
        "spitfire": 12,
        "twilight sparkle": 3,
        "rainbow dash": 43,
        "applejack": 4,
        "rarity": 3,
        "bulk biceps": 1,
        "fluttershy": 1
    },
    "goldie delicious": {
        "rainbow dash": 12,
        "granny smith": 7,
        "pinkie pie": 5,
        "applejack": 16,
        "apple bloom": 6,
        "big mcintosh": 2
    },
    "babs seed": {
        "scootaloo": 10,
        "sweetie belle": 8,
        "diamond tiara": 6,
        "silver spoon": 3,
        "granny smith": 1,
        "cutie mark crusaders": 1,
        "big mcintosh": 1,
        "apple bloom": 42,
        "applejack": 9
    },
    "capper": {
        "rarity": 9,
        "twilight sparkle": 8,
        "rainbow dash": 7,
        "tempest shadow": 7,
        "pinkie pie": 6,
        "spike": 4,
        "the storm king": 4,
        "fluttershy": 1,
        "princess skystar": 1,
        "applejack": 5
    },
    "princess skystar": {
        "twilight sparkle": 9,
        "rarity": 2,
        "spike": 1,
        "pinkie pie": 8,
        "applejack": 3,
        "capper": 1
    },
    "terramar": {
        "twilight sparkle": 8,
        "apple bloom": 12,
        "sweetie belle": 11,
        "scootaloo": 9,
        "cutie mark crusaders": 2
    },
    "hoity toity": {
        "rarity": 8,
        "photo finish": 7,
        "twilight sparkle": 2,
        "applejack": 13
    },
    "spitfire": {
        "twilight sparkle": 7,
        "windy whistles": 2,
        "vapor trail": 2,
        "rainbow dash": 136,
        "lightning dust": 18,
        "soarin": 12,
        "scootaloo": 11,
        "pinkie pie": 9,
        "applejack": 2,
        "sky stinger": 2,
        "bow hothoof": 2,
        "rarity": 1,
        "fluttershy": 1
    },
    "sugar belle": {
        "twilight sparkle": 7,
        "sweetie belle": 1,
        "big mcintosh": 37,
        "scootaloo": 7,
        "mrs. cake": 6,
        "pinkie pie": 6,
        "starlight glimmer": 5,
        "rainbow dash": 5,
        "applejack": 5,
        "double diamond": 4,
        "apple bloom": 4,
        "spike": 3,
        "rarity": 2,
        "fluttershy": 2,
        "discord": 1,
        "cutie mark crusaders": 1
    },
    "braeburn": {
        "rainbow dash": 6,
        "fluttershy": 3,
        "pinkie pie": 1,
        "scootaloo": 1,
        "sweetie belle": 1,
        "applejack": 36,
        "apple bloom": 1
    },
    "the storm king": {
        "twilight sparkle": 6,
        "tempest shadow": 27,
        "capper": 4,
        "pinkie pie": 4,
        "applejack": 1
    },
    "sassy saddles": {
        "twilight sparkle": 5,
        "rarity": 83,
        "rainbow dash": 3,
        "applejack": 3
    },
    "silver spoon": {
        "sweetie belle": 5,
        "twilight sparkle": 4,
        "snips": 1,
        "diamond tiara": 51,
        "apple bloom": 17,
        "scootaloo": 8,
        "babs seed": 3,
        "rainbow dash": 2,
        "granny smith": 2,
        "cheerilee": 1,
        "pipsqueak": 1
    },
    "rover": {
        "spike": 4,
        "twilight sparkle": 1,
        "rarity": 34
    },
    "matilda": {
        "pinkie pie": 4,
        "mayor mare": 2,
        "rainbow dash": 1,
        "spike": 1,
        "twilight sparkle": 1,
        "cranky doodle donkey": 19,
        "derpy": 3
    },
    "countess coloratura": {
        "pinkie pie": 1,
        "rarity": 1,
        "applejack": 26,
        "apple bloom": 3
    },
    "zephyr breeze": {
        "fluttershy": 62,
        "rainbow dash": 32,
        "rarity": 10,
        "twilight sparkle": 4,
        "spike": 1
    },
    "zecora": {
        "twilight sparkle": 57,
        "rarity": 44,
        "apple bloom": 27,
        "fluttershy": 27,
        "spike": 26,
        "pinkie pie": 18,
        "applejack": 14,
        "rainbow dash": 5,
        "big mcintosh": 4,
        "pipsqueak": 3,
        "queen chrysalis": 2,
        "starlight glimmer": 1,
        "discord": 1,
        "mayor mare": 1
    },
    "young big mcintosh": {
        "young applejack": 34,
        "filthy rich": 9,
        "granny smith": 6
    },
    "windy whistles": {
        "scootaloo": 24,
        "bow hothoof": 18,
        "rainbow dash": 10,
        "spitfire": 2,
        "apple bloom": 1
    },
    "vapor trail": {
        "rainbow dash": 24,
        "sky stinger": 22,
        "twilight sparkle": 12,
        "spitfire": 2
    },
    "yona": {
        "smolder": 23,
        "rockhoof": 16,
        "ocellus": 14,
        "silverstream": 12,
        "twilight sparkle": 9,
        "cozy glow": 8,
        "rainbow dash": 7,
        "applejack": 7,
        "iron will": 5,
        "starlight glimmer": 5,
        "spike": 3,
        "neighsay": 2,
        "sweetie belle": 1,
        "discord": 1,
        "chancellor neighsay": 1,
        "prince rutherford": 1,
        "pinkie pie": 1,
        "fluttershy": 1
    },
    "trouble shoes": {
        "apple bloom": 19,
        "scootaloo": 5,
        "sweetie belle": 5,
        "cutie mark crusaders": 2,
        "applejack": 2
    },
    "young rainbow dash": {
        "twilight sparkle": 17,
        "starlight glimmer": 7,
        "rainbow dash": 4,
        "spike": 2,
        "scootaloo": 1,
        "fluttershy": 1
    },
    "gladmane": {
        "applejack": 16,
        "flam": 15,
        "flim": 11,
        "fluttershy": 11
    },
    "sweetie drops": {
        "rarity": 6,
        "scootaloo": 3,
        "apple bloom": 2,
        "spike": 1,
        "rainbow dash": 1,
        "filthy rich": 1,
        "cozy glow": 1,
        "photo finish": 1,
        "pinkie pie": 1,
        "princess cadance": 1,
        "princess celestia": 1,
        "mayor mare": 1
    }
}