Name	title	coding
t3_qpd7vg	Is there free COVID testing for McGill students?	o
t3_qq5qod	The 200 students in person limit	o
t3_qow0ax	Any McGillians Working in Toronto This Winter?	o
t3_qpo7rn	Harassed on the metro	o
t3_qphbd3	DONE WITH HEALTH SERVICES	o
t3_qrxzez	Algorithm &amp; Data structure resource	c
t3_qpeplw	In-person final exams set in stone?	c
t3_qpishs	Fast pass sticker??	o
t3_qp5adh	Going less than full time as an intl student for personal reasons?	o
t3_qq5p9m	French courses at McGill FRSL vs CEFN	c
t3_qq0d9v	Should I wait until the status of the medical exam is updated to arrive?	o
t3_qq9z2a	Question/concerns regarding inter-faculty Major transfer	o
t3_qorssr	Is it cold on campus today?	o
t3_qr4ttx	"Found Cloudberry's nemesis, does he have a name?"	o
t3_qrtyq8	"Six months later, we are still demanding accountability for the McGill blacklist - SPHR"	o
t3_qpo74y	Grading at McGill	o
t3_qp0a8e	Anyone willing to share psyc 213 notes?	c
t3_qq9nhv	someone should start a dating club at McGill	o
t3_qqn56k	How safe are the buildings lockers?	o
t3_qp2flr	Was Just Informed that I am not Going to Make it in the Workforce	o
t3_qqa0m5	Classes not being in person this winter....	c
t3_qrnmhc	starbucks w/ seating?	f
t3_qrudix	hot water on campus?	f
t3_qpo84a	How many days ahead do you typically start studying for a midterm?	c
t3_qphe5x	Starting a band	o
t3_qs3up7	REAL TALK FRIDAY	o
t3_qr62ge	Leetcode club?	o
t3_qpjb3c	Which advisor should I contact to talk about switching faculties?	o
t3_qr3qcc	COMP 251 MIDTERM	c
t3_qrruj0	how to do better on ENGL essays?	c
t3_qqgojh	What is the secret to staying on top of things?	o
t3_qq9hxp	Is there a difference between PSYC 395 and 494?	c
t3_qqrn2l	Feeling bummed knowing I don’t got what it takes to make it to medicine	o
t3_qrovl4	Metro stops	o
t3_qpfm5z	Flags lowered in memory of deceased students: Cause of death?	o
t3_qrwmyw	Immigration Hecticness - Advice??	o
t3_qpma8y	How long does it take to get official transcripts?	o
t3_qphbiq	Cloudberry Stocking Up for the Winter	o
t3_qph27r	Struggling with Language at Work	o
t3_qqwdur	Working at a residence dining hall?	r
t3_qqdm8o	Group chat for Econ408	c
t3_qp884q	My only source for a reference doesn't want to be a reference - what to do?	o
t3_qqcztm	Has your exchange application been reinstated?	o
t3_qqlli3	Anyone else gonna be an old ass undergrad?	o
t3_qr2cq0	Religions of east Asia	o
t3_qp3xao	"To full time students/part time workers in the Life Sciences program, what should be the maximum amount of hours you allot for work without compromising your studies??"	o
t3_qou8zc	fall 2021 SSMU referendum starts tomorrow!	o
t3_qqllz3	Unlimited Maple appointments ?	o
t3_qrb441	Can't stop crying every day	o
t3_qq7k1p	I’ve been here for 5 damn years and I finally got to see cloudberry!! She is perfect.	o
